,username,followercount,Bio,Type
3,sautisol,1069405,NEW ALBUM #SAVAGELEVEL OUT NOW https://t.co/9JPhnXehKp,sol
90,gloom_sol,51377,Boogle #62 - https://t.co/65LHBMtKUo ğŸ‘»,sol
831,legacy_sol,36943,web3 | advisor | entrepreneur | DM for promo! ğŸ¤ŸğŸ»,sol
49,nftblack_sol,32370,â€¢ ğƒğšğ¢ğ¥ğ² ğğ…ğ“ ğ†ğ¢ğ¯ğğšğ°ğšğ²ğ¬ ğŸ - Marketing | Advisor | Collector - Dm - Exclusive Whitelist Collabs #ETH #SOL | @DeGodsNFT | Always #DYOR ğŸ’,sol
350,vltonsol,25112,founded @grizzlydao | 500k network | sol provider | giving the best wls to #notigang | 57 $sol drained + 219k twitter suspended,sol
431,kintosol,23853,To book KINTO SOL for shows call (414) 647-8495 Para contrataciones de KINTO SOL (414) 647-8495,sol
282,maria_del_sol,22410,https://t.co/CXMwKkkZSD Conciertos y Conferencias. mariadelsolm07@gmail.com CONTRATACIONES (55) 52-11-46-04,sol
920,bruvdotsol,21967,"You alright, bruv? DM for Promotion & Discord Moderation",sol
255,booknerd_eth,21822,"I'm here, I'm there, I'm every-f***ing-where..",sol
149,Tacticalsol,17603,Official Twitter of @Tacticalsol,sol
74,suby_sol,17556,Co-Founder @okaybears @bit_birdz,sol
877,nope_sol,10669,"building @solendprotocol

discord: https://t.co/6tlhdncZFm",sol
106,TopoGigio_sol,10611,"Smooth Brain | @TheMcDegens | @DegenDAOO Student Council | D.A.M 

DAA #3929, #5029, #9938, #4247, #5491

SMB #4275

BOOGLE #082

@_ledao #28

@TOUGHIESnft #50",sol
186,firefly_sol,10196,19 | Quant Researcher Intern @ HFT | Philosopher | Logical | Wormhole wrapped BAYC to Solana,sol
322,detectivesol,10059,"Retired detective who enjoys giving away $SOL

-DAILY $SOL GIVEAWAYS-

DM for promos

#notisquad",sol
774,emmanuele__sol,9625,NFT DEGEN. not financial advise. i love spaghetti and NFT. #SOL,sol
665,KarGur_sol,8694,19â–ªï¸ 7 k+ Supporters â–ªï¸ Selling out projects dailyğŸ“ˆ â–ªï¸ DM for inquiries â–ªï¸Campaign managerâ–ªï¸ Sold out multiple successful projectsâ–ªï¸ #sol,sol
630,nftimm_sol,8418,Co-Founder @AlphaPharaohs || DYOR/NFA,sol
764,degen_sol,7521,Degen King | Solana NFT OG | Ex FAANG | DYOR | Not financial advice | No paid promos | Let's call spade a spade ok?,sol
476,Costadelsol,7497,"Costa del Sol twitting about Costa del Sol, towns Malaga, Marbella, Benalmedena, Torremolinos, Fuengirola",sol
951,Degenser_sol,7191,Getting the best degen mints for you guys,sol
414,Nikos_sol,7004,"Degen #solana $SOL 

ğŸ“¬ Collaboration DM for InquiriesğŸ“¬

Discord:

! Nikos#6788",sol
680,LaunchLabs_sol,6929,"Solana launchpad platform, sharing 60% of revenue with our holders.  Disc: https://t.co/9ovXFvuulP ME: https://t.co/TanSSfzZMp",sol
594,Tuuxxdotsol,6614,ğŸ‡«ğŸ‡· @CetsOnCreck COO ğŸ¤Œ @MonkeDAO Believer ğŸŒ,sol
992,capn_sol,6544,"Founder @collective777  
 Social Creature â€¢ Growth Advisor â€¢ Shitposterâ¤ï¸",sol
125,quincy_sol,6154,CryptoArt enthusiast. Digital abstract enjoyor. Gallery at https://t.co/q0PkipggT4 (with Papi) and https://t.co/jH7xEtwEEI. Member of @solboogle and @_ledao. ğŸ‘» ğŸ¥ğŸ¨,sol
183,drippin_sol,6084,ARTIST x CREATIVE DIRECTOR ğŸ¨ MUSIC MAKER ğŸµ SOLANA NFT COLLECTOR ğŸ’,sol
153,belle__sol,5985,aussie girl designing things @holaplex,sol
671,nahresol,5369,Musician,sol
850,RacerXsol,4764,"ğŸª‘ğŸª‘ @EnigmaVentures ğŸª‘ğŸª‘
ğŸ™ï¸ğŸ™ï¸Co-Host @solbrospodcastğŸ™ï¸ğŸ™ï¸",sol
746,fie_sol,4554,literally asian,sol
679,melis_sol,4418,design & branding | creative director @teamsolblitz im something of an art collector myself,sol
939,dreilord_sol,4337,I like to win NFT giveaways,sol
141,Najvasol,3760,Head of product @calmfund | Building community @foundersummit | ex: @qz @spankchain @practicalwed l Data + empathy = connection + delight âœŒğŸ½ #MVN2,sol
230,vanilla_sol,3625,"A happy investor at @FTX_Official. Doing experiment in different platforms. DYOR, because I did my own research. Not investment advice.
Contributor @fttdao",sol
839,keysersol,3501,just a speculating idiot who knows nothing,sol
136,dirac_sol,2982,thoughts on DeFi & Stablecoins // crypto @0xgoldenchain // strategy @UXDProtocol // mit math alum // views my own,sol
837,mic0003sol,2952,"moonbird 2719 | leDAO 35 | MBB 850 | SMB 4089 | OKB 2567 | DAA 2245 | @CourtOfThForest, @Fearless_Bulls, @ThePumasNFT, @TheAnonsNFT, metadrago, Î£igmaDAO",sol
720,ordinary_sol,2758,â›² Designing Ordinary People in our daily life ğŸ§™â€â™‚ï¸ Extraordinary 33/222 ğŸ¤´ğŸ¼ Small Part of @MinistryArt & @The_URS_,sol
300,drathezsol,2601,"$SOL, till death do us part ğŸ¤

Collab Manager | @meekolony
Moderator | @peskypenguins

None of my tweets are financial advices. DYOR!",sol
848,ansel_sol,2424,I help you get your Solana programs up and running / Solana and Cosmos investor,sol
355,jexsol,2339,Bachelorâ€™s Degree in NFTs â€¢ @DeGodsNFT #5701 â€¢ jex.sol,sol
472,hugoonsol,2298,"$SOL Maximalist / Web 3.0 / Builder & Advisor / DM for collabs ğŸ“© / Yes, I do get WLs on a regular basis. ğŸŸ (Alpha Discord Coming Soon)",sol
769,jacobdotsol,2276,SOLANA ENGINEER,sol
517,Bliz_sol,2059,SOL NFTâ€™s | #LosZoras | MOD for @solanacatcartel | @jellyesportsnft @remnantsnft @shinsengokunft @alphapharaohs @bakedbeavers,sol
483,bigtuna_sol,2048,"Solana NFTâ€™s
@StonedApeCrew
@Primatesnft
@SCPokerClub
@degen_games_sol
@ShukutaiDinos",sol
829,jey_sol,1962,#Solana SMB #1639 #4516 #2433 @Monkedao,sol
751,nutrition_sol,1665,"Custom meal plans prepared for YOU, conducive to losing body fat & building  lean muscle. We offer numerous programs to cater to an extremely diverse clientele.",sol
969,freckled_sol,1632,The only Freckled Monke in the metaverse ğŸ˜¤ DeFi 4 Lyf ğŸ”¥,sol
478,Hella_sol,1624,"I like $Sol, #NFT HODL, Me vs Me, NFA. Chillin with the squad @DeGodsNFT & @TheKiller3s",sol
417,laminar_sol,1570,"NFT selecta | $SOL, $NEAR & $CRO",sol
708,erdi_sol,1404,"erdi.sol & er-di.near , NFT Trader / Collector
Admin of @DigitalArtDao
#Solana",sol
308,rosesdotsol,1403,"indie film photographer. all collections currently SOLD OUT. 
amateur journalist. creator of @inbloom_sol",sol
491,zayuhwhoeth,1382,@shroomatesio ğŸ„ Core Team @gnarlabs Blue CollarğŸ‘·â€â™‚ï¸Crypto enthusiast . Content Creator . Gamer and Artist $AVAX $SOL $ETH  also own .crypto and .nft domains,sol
756,dj_d_sol,1298,Building @foresightmkt and trading dog money. Formerly @citsecurities,sol
703,feedmysol,1208,"Dad to one father to many. 
Follow if you like chasing dreams with no results. 
SOL is the future and ETH is the gateway to hell, love them both.",sol
303,Kronix_sol,1202,"Stock & Crypto Day Trader, NFT Investor - $SOL $AVAX $IMX
Car Enthusiast, Tattoo Collector

@BitBrawlio CM
RSI Co-Founder
Orb Co-Founder
@Sol_Orb dropping 02/22",sol
259,molu_eth_sol,1167,molu.sol molu.eth molu.sol molu.eth molu.sol molu.eth molu.sol molu.eth molu.sol molu.eth molu.sol molu.eth molu.sol molu.eth molu.sol molu.eth molu.sol,sol
359,searchingsol,1158,"searching sol nfts.  Thugbirdz, Socks, Desolates, DeGods, Arourians, 1/1 SOL Art",sol
894,osolanaeth,1137,NFT Investor/Crypto Trader. $SOL Life. #NFTs #Solana #Bitcoin,sol
623,ai_sol,1068,a.i. solutions provides an engaged workforce that delivers innovative products and services that enable access to #space and ensure national security.,sol
653,fren_sol,1058,"SOL NFTs & BTC maxi, idk. ğŸ¤",sol
738,juang_sol,1047,Co-Founder of @tuprimeracripto . Developing and collecting nfts in Sol. CoC and OKBS. ğŸ¤Œ in ME,sol
362,dizzy10_sol,1031,SMB #3072 | Nothing is financial advice. SOL BTC ETH,sol
615,vell_sol,978,"Introduced to Sol NFT by @VaxxedDoggos 
@FamousFoxFed Moderator",sol
555,Lupuz_sol,953,"Web3 Degen ğŸ‡²ğŸ‡½/ğŸ‡ºğŸ‡¸ğŸ“
$SOL | $Dust | $Scrap | JPEGs Collector
Building | @DegenHDAO
@Callofduty Player",sol
871,Lobo710_sol,911,"Sol & Eth fan
Swamper
Oracle VIP 
Hustle DAO / Made men
Enviro
$SHDW

Building:
@GaianGuardians",sol
365,Heso_sol,827,@EarlyDAO | @nuDAO_sol | @OKBCoralDAO | SushiiiDAO,sol
554,mikz_sol,818,"ğŸ’« Founder @ProsperousNFTs | 
ğŸ«¡ Professional Degen |
ğŸ§‘â€ğŸ¦¯ $SOL f**king Maxi |",sol
598,deb_sol,798,Brand Dominatrix and Investor Pitch Whisperer with legendarily bad travel karma. CEO of @Sol_Marketing. Author of #BrandingIsSex #IrrationalLoyalty,sol
917,teal_sol,785,"ğŸ“·: sol_willy_yums
ğŸ‘»: iSellGradeAEdges

I picked out Drake's turtleneck & taught him the two step
#blacklivesmatter
#pureplatinumMCSC
#KIRK",sol
550,vinny_sol,776,Early Crypto adopter cycling money into NFTâ€™s and slowly moving my $ETH bags into $SOL. NYC Based. Founder @DapperRhinos | @monkeDAO | @parallelNFT,sol
286,Sigz_sol,767,$SOL $ETH ğŸŒ‘ ğŸ‘€ | NFT Alpha Crew | @WalshWealthWWG,sol
950,antoniosol,682,"Vocal Coach for American Idol, Singer for DWTS,Grammy's,Idol,Glee,The GAP,Nissan,The Lorax,Planes,David Foster,Quincy,Elfman,Celia,Sheryl,Bocell",sol
986,fazila_sol,601,,sol
836,idotsol,330,"| #bitcoin | #ETH | #SOL | #crypto | #defi | #travel |
itsivan.eth, infuse oolong tea @solanatw. 
Tweets Are My Own, NFA, DYOR.",sol
89,notielsol,320,Sirviendo la Costa Central de #California desde 1968. | Facebook: https://t.co/RIXiVpX5Dk | Instagram: @notielsol,sol
508,zbr_sol,176,Web3 + SOL dev. WAGMI @playground_sol,sol
1049,AZ42069eth,489251,"| NFT Enthusiast | WGMI |NFA / DYOR | $ETH $HBAR $APE | 
#Metaverse #NFT",eth
1068,Ericthomasbtc,426212,"""When you want to succeed as bad as you want to breathe"" | Preorder My New ğŸ“• You Owe You  #ETinspires #TGIM",eth
1291,Sixten_eth,155702,Professional eSports Athlete - @NFT Collector - DM For Business,eth
1110,j1mmyeth,141553,"founder/ceo- @nft42_ making @nameless_nft, @AvaStarsNFT, & @nftsmart. @therealkingship ape owner. tweets my own.",eth
1206,Walker_eth,110245,#promoter #Crypto CEO of MB Capital ğŸ“— / DM for Marketing and Business ğŸš€/ #P2P ğŸ® #BTC #ETH #SOL #ADA #addicted to @MedanoGaming â¤ï¸â¤ï¸â¤ï¸,eth
1356,Prism_eth,102694,Marketing Agent â€¢ #NFT promoter ğŸ¯ â€¢ NFA DYOR â€¢  #Web3 #ETH #SOL #BNB â€¢ DM for business inquiries ğŸš€,eth
1191,9x9x9eth,90369,"Core lunatic @The_OpenDAO and @721DAO_Official 
NFA+è¨€è®ºä»…ä»£è¡¨ä¸ªäºº+I don't do promos
Passion in what I do
Make the world a better place before I upload myself",eth
1362,gmw3eth,66464,"For all the latest Web3, metaverse, and XR news, updates, interviews and more. Check out @gmw3live for Web3 meet-ups and events.",eth
1760,dzastr_eth,51279,"Controversial, but Accurate | P2E Content Creator | NFT Degen | @KydariVentures",eth
1250,tommyk_eth,49638,"Artist Relations, Creative @niftygateway | @ekaitza_ is my boss | Stanford â€˜19 ğŸŒ² | Doodles | Moonbirds",eth
1272,damedoteth,49063,non-binary â€” https://t.co/NMhWEvnoB2 / https://t.co/uFrdmrPPAu / https://t.co/FFXB6aGYww,eth
1419,daniel100eth,42727,"NFT Collector, Flipper, and Advisor. currently:ğŸ‘·â€â™‚ï¸ğŸ”§ğŸš§ Previously: co-founder @theglitches_ and launch advisor to @goopdoods",eth
1174,alive_eth,38125,"GP @a16z crypto. Previously Google Brain, GoogleX, @Stanford Computer Science",eth
1601,wabdoteth,36263,"foundooor of @SappySealsNFT

co-foundooor of @ThePixlverse and @PixlLabs_",eth
1582,zachdoteth,36165,Future President | Featured in @Telegraph @nytimes @AJEnglish @Apompliano |,eth
1692,Fityeth,32565,"Founder of @apocalypticapes â”‚ BAYC # 4487, # 3817 MAYC # 6990 # 29933 #4273 CryptoPunk #5745 https:// https://t.co/wpX1VOg2CT",eth
1649,NoCreative_eth,29703,ART FIRST - 15 years of commercial & fine art photo retouching - turned 3D ARTIST/COLLECTOR/CURATOR https://t.co/OCvtSu1ri7,eth
1429,shadows_eth,27770,Non-fungible-tweeter,eth
1497,plum_eth,27207,degenerate | nfts | art | since day 1 @CyberKongz @Looksrarepod $MRI no france advice ğŸ§§,eth
1687,just1n_eth,24643,Girl Dad | BAYC #4816 | USAF Veteran | Blockchain â€¢ NFTs â€¢ Web3 | No Promos,eth
1578,darkforest_eth,23342,"decentralized rts game, built with zk-snarks on @ethereum and @gnosischain | https://t.co/kgGMzr0M8E",eth
1569,winnyeth,21364,@figuregot | @ink_dao | prev: @shillrxyz,eth
1776,ashh_eth,20507,"I hike, practice mindfulness, drink tea, and collect NFTs 
Chief Vibes Officer- @deekaymotion | @RNDMCHARACTERS",eth
1999,Faresben_eth,18941,Co-founder/Operator @sneakerheadsoff @antikstudios ğŸ‘Ÿ | Founder Emf Media | 1st Snapchat ambassador in ğŸ‡ªğŸ‡º,eth
1608,basileus_eth,15830,"""Emperor of the angels"" @CultCryptoArt @money_alotta @XCOPYART @eclecticmethod @Carlosmarcialt @hairofmedus @coldie #CultChoir ğŸ‡ºğŸ‡¦ ğŸ•Š",eth
1711,lior_eth,14511,"founder @eblockventures, investing in crypto & web 3 infra. hmu: hello@edenblock.com. Curator of Web3 grails. founder @mutant_cartel | @forbesunder30",eth
1056,faxx_eth,13849,HammerZ | MAYC 8196 | Koda 7046 | RKL 9902 King Kong Bron | RKL Club Owner: 248.eth | 824.eth | Founder: 24/8 Labs | block by block tick by tock,eth
1763,taco_eth,12629,Memecoin degen. Nothing I post is financial advice. TG channels: https://t.co/XNnsDZeA3O,eth
1751,edgar_eth,12291,DeFi and NFT connoisseur. Stop loss: Mcdonald's. https://t.co/s22vpmFmUg,eth
1590,Scott_eth,12268,head of nft product @uniswap | prev: founder @geniexyz |,eth
1935,luckyape_eth,12109,"â–ªï¸ My Tweets, comments and messages are only opinions, not financial advice. â–ªï¸ BAYC #4431 â–ªï¸ Community Manager @smeistyco â–ªï¸ Co-Founder: @RugsMugs & @wagmiyall",eth
1889,cory_eth,11870,Building @OpenAvatarNFT | Creator @ethburnbot | ENS Delegate | dev,eth
1172,artguy_eth,9504,1/1 Art Collector #NFTs #ETH #Bitcoin,eth
1112,hype_eth,9449,"Angel investor & Advisor. En permanence lâ€™Ã©tranger.
(also shy.eth)
https://t.co/rEeK6RUbvz",eth
1361,oneill_eth,9044,"my domains are for sale https://t.co/iMdswLpP6F https://t.co/i1lPWdsIUi, message me at oneill.eth on blockscan chat",eth
1509,kloss_eth,8911,@psychedelic_nft Shaman ğŸ§™â€â™‚ï¸ | @paspaces Host | Interviews ğŸ™ | Thread ğŸ§µ Writer | Stats Guy ğŸ“ˆ | Infographics | #NFT Edits | #Web3 | #Marketing | #Consulting,eth
1670,rauljordaneth,8897,"Ethereum core developer, proof of stake. Co-founder @prylabs | Go developer in distributed systems | ğŸ‡­ğŸ‡³ Hablo espaÃ±ol, ğŸ‡­ğŸ‡° å»£æ±è©± | Harvard College | Honduras",eth
1929,JO7eth,8256,"product marketing @discord. tech x media x community. think slow, type fast, drink coffee.",eth
1510,Bscpleb_eth,8219,"#BSC #ETH Maximalist, $BHC $HPS holder / Founder of @PlebsStudio / Co-Founder @BHC_Happiness (NFT) & Design Head at @BSCNews / VP at @mimodefi",eth
1934,xuannu_eth,7872,"witch of will @crypto_coven ğŸŒ™ keeper of the coven, herder of (black) cats, arcanist (web and solidity)",eth
1512,MrBeny_eth,7803,"ğŸ‘‘ #NFT

ğŸ–mrbeny.eth",eth
1402,on9eth,7671,"12 years old
@memeland babysitter",eth
1686,vanminnen_eth,7539,"Artist | https://t.co/JWzr4M4RNA | https://t.co/EgmunPExPz |@FWBtweets | Solo show Ross+Kramer Gallery NYC thru July 29, 2022",eth
1973,backseats_eth,7296,@NounCats (and The Early Birbs) || https://t.co/mYCLLfz8tf || questing and coding,eth
1057,pixls_dot_eth,6261,"ğŸ†” pixls.eth
ğŸ–¼ï¸ next gen art collector #CryptoPunks #ArtBlocks #Avastars
ğŸ® #Metaverse citizen 
ğŸ³ï¸â€ğŸŒˆ #alphabetmafia they/them/theirs",eth
1331,wrongplace_eth,6138,"Crypto, primarily $BTC, $ETH and NFTs

BAYC #1419 = Certified Lover Boy",eth
1241,frankNFT_eth,5441,"Making Animation movies, Drone pilot, 3D printing, NFT Artist & Collector, AI Art, OG Solidity developer..

frankNFT.eth
https://t.co/KbgeUCuiai
https://t.co/E1lLvDGJHL",eth
1913,signinwitheth,5221,"Sign-In with Ethereum - EIP-4361 - https://t.co/Oe86zzZbMb ğŸ’»
Start building https://t.co/kaDqeAVwmc ğŸ¤ 
Built and supported by @spruceid @ensdomains @ethereum",eth
1409,nizoeth,4364,"nizo.eth - #NFT archeologist - @MeebitsDAO founder - @ponzi_dao creator - chimper #2268 & genesis #58 ""Roketto""",eth
1325,cropcircle_eth,3515,ğŸ‘©ğŸ»â€ğŸ’»marketing & community | sociolinguist | naturalistğŸ‘âƒ¤ mod @truth @goblintownwtf | ğŸŒˆmod @mybff | ğŸ¥³@FOMOParty_eth |ğŸ¦‰ğŸªº @moonbirdswomen,eth
1365,emo_eth,1570,"protocol @ opensea
musician & poet
@cal  @solidityguild $fwb
PFP @wagdie_eth
he/him",eth
1551,neal_eth,1436,"#NFTs âœ¨Artist | Defi | Gaming | Metaverse | Web3 ğŸŒˆ | $ETH | $SOL
Promoter & Collector  ğŸ“¨ DM For Promos",eth
1401,tkdjoe_eth,933,tkdjoe.eth | PM at https://t.co/Bq2PY7nabe | prev @riotgames @playvalorant,eth
2023,hitbtc,279840,Trade fast and secure. On the market since 2013 and was never compromised. More than 800 trading pairs. Official Telegram Chat https://t.co/dFta16kbyv,btc
2036,mir_btc,39252,"cheering for #bitcoin in a strong Italian accent ğŸ¦ shadowy supercoders' godmother ğŸ¤– vocal coach/ Rust wannabe ğŸ‘¾
https://t.co/SfSYnQaNnPâš¡ my YT channel â¬‡ï¸",btc
2080,kingfisher_btc,31963,"https://t.co/D0Npc8C2vy
https://t.co/NwlgqifoGn

Be the king of derivative arbitrage liquidation

links: https://t.co/C97SMVehx6

In liq we trust 
Not financial advice",btc
2072,RD_btc,27348,"Bitcoin enthusiast, MemeDealer, All memes and opinions are my own. Words donâ€™t always come easily for me but memes do, @MemeFactoryTM @twentyoneism contributor",btc
2266,officiel_btc,19084,Successful analysts have the ability to look at stoks with different perspectives. #Blockchain #cryptocurrency #BITCOIN https://t.co/qHjY3M1GDy,btc
2206,daisy_btc,16517,"ğŸ“© Dm for advertisemen ğŸ”

#Diamond_Hand $BNB $BTC ğŸ¤²ğŸ’
#Crypto",btc
2148,kintsugi_btc,12827,"Radically open #Bitcoin on @kusamanetwork, canary network of @interlayHQ.
https://t.co/jaj8l7U9HY",btc
2050,inter_btc,11481,"Trustless #Bitcoin for everyone on any chain.
Learn: https://t.co/B9EliryUCa. Test: https://t.co/V1M3MQZMDa.  Launching soon on: @kintsugi_btc. 
Built by @interlayHQ",btc
2075,paul_btc,11278,"CEO & Co-founder @Atani_Official - one platform, all things crypto",btc
2505,Aztek_btc,9278,0n the Interwebz.. #bitcoin,btc
2231,LH_btc,9191,"Telegram (free) - https://t.co/mIbU9tTx4Z 
Price Action - https://t.co/baOY60wKlJ
@DapperDragonNFT

I will NEVER dm you first",btc
2421,abovebtc,7838,"Trade #Bitcoin #Ethereum and other Cryptocurrencies with Unlimited Liquidity, No KYC, Zero Login, and Always Low Fees.",btc
2339,deyonte_btc,7001,ğŸ‡§ğŸ‡§ğŸ‡¯ğŸ‡² â€¢ #BitcoinğŸŒª ğŸŒ â€¢ #Macro â€¢ #SEO â€¢ @LFC,btc
2081,antony_btc,6563,"Crypto, DeFi, Web3, Metaverse etc @ Temasek, Blogger, Author of ""The Basics of Bitcoins and Blockchains"" https://t.co/6k5TJZHWsA",btc
2146,bully_btc,6510,,btc
2147,point_btc,5918,Planning for a future where #Bitcoin is the standard,btc
2436,all_things_btc,5827,#Bitcoin ONLY modeller & pleb (2021). Engineer/Scientist in real life. Podcast lover. Shitcoin hater. Occasional attempts at humor. Not my real name.,btc
2735,Dimon_btc,4719,#followme #followback #following #bitcoin #btc #blockchain #Altcoins #cryptocurrencies #realmadrid #ico #crypto,btc
2737,xjordanbtc,4003,#BTC is ğŸ‘‘King,btc
2145,oxt_btc,3580,Explore the bitcoin blockchain with the Open Exploration Tool - brought to you by @SamouraiWallet,btc
2158,boomer_btc,3538,"#Bitcoin Evangelist | Chairman and CEO at Barefoot Mining | Former CTO and EVP at Gateway, Inc | IBC Guide",btc
2894,hubert_btc,2905,Bitcoin.,btc
2259,snrub_btc,2630,I like JPEGs on #Solana // parabolic pilot @solboogle // @nbatopshot collector //,btc
2938,hamzadiazbtc,2551,"Technology, Cryptos, NFTs & Neobarter at @neoswap_ai",btc
2224,jamilbtc,2478,"Founder @trygamma https://t.co/V0gXH9GkeO. Building on #Bitcoin. AI/ML @ Stanford, ex-Apple.",btc
2337,rkbtc,2401,"Former Banker from Germany. Founder of https://t.co/H3VDJlNHTo, a #Bitcoin content and coaching platform for families and high net-worth individuals.",btc
2837,adbtc,2320,adBTC official,btc
2295,volker_btc,2300,"I translate Bitcoin texts to German: Grokking Bitcoin, Sovereignty through Mathematics, Independence Reimagined, Everything divided by 21 million, â€¦",btc
2444,Orlando_btc,2167,Co-founder @StackerDAOLabs | @Stacks Ó¾ + DAOs | Lawyer | #NetsWorld ğŸ‡©ğŸ‡´ğŸ‡µğŸ‡·,btc
2330,base58btc,2080,"Base58 is a bitcoin protocol school, run by @niftynei and @stakamoto21. We teach curious people about how bitcoin transactions work, all with the bitcoin-cli",btc
2353,m__btc,2043,Bitcoin | ğŸ° @ctdl21 contributor |ğŸ“ @BtcWiki contributor | ğŸ‡³ğŸ‡± translator | ğŸª™ collector |  ğŸ¦¡  @SpendingBitcoin |,btc
2217,build_on_btc,1935,THE Bitcoin conference of 2018,btc
2817,tim_btc,1895,"Bitcoin miner, Bitcoin maximalist",btc
2786,Gee_btc,1855,â³â›“ #Bitcoin NodeğŸ¥·ğŸ¾,btc
2426,emergent_btc,1814,Bitcoin,btc
2948,mbitcoin_mbtc,1800,"#mBTC - 21,000
#nBTC - 2,100

Tg: https://t.co/67UrFJHoPm",btc
2901,C_davis_btc,1730,"Do something meaningful in the limited time, and don't let life leave regrets ğŸŒˆ #Crypto enthusiast #Bitcoin",btc
2612,Spartan06_btc,1593,Libertarian | USMC Warfighter (former) | Sovereign Individual | #Stacks | NFTs | DeFi | @TheopetraLabs Core Team Member | #Bitcoin = Freedom |,btc
2863,200xeth,1540,I am JamesBond.007Spy.eth. NFA,btc
2812,Originalbtc,1381,British lighting designers & manufacturers #OriginalBTC #DaveyLighting #Beadlight,btc
2752,longstreet_btc,1356,Stacks Dad | Photographer | Composer | LAUSD Teacher of the Year 2018 | Stacker of STX & NFTâ€™s | IG: VeniceVisuals | co-founder @stxphotoguild,btc
2285,Arceris_btc,1342,IP/corporate attorney and entrepreneur. #Bitcoin maxi. #FreeSpeech absolutist.,btc
2889,mpj_btc,1263,"Servant, Inspiration, Sprints/Jumps Coach @ Duncanville HS â€¢ Dimmitt HS Alum, Class of 2010 â€¢ @WTAMUTrackXC Alum, BS â€¢ @TexasTech Alum, MS â€¢ #BreakTheCycle",btc
2106,Mourad_btc,1262,"Full-Stack Dev at @mtpelerin have a strong interest in new technologies. Sometimes entrepreneur, I silently #buidl ğŸš€",btc
2354,alexandr_btc,1249,#NFT #BTC #ETH #ADA | Here's to the founding fathers ğŸ¾ğŸ‡ºğŸ‡¸ â€” British citizens who didn't want to pay taxes...,btc
2201,alfa_btc,1228,"lift - cycle - build
o0x.eth | 30x.eth | apechain.btc",btc
2540,jgettbtc,1146,#Bitcoin Pusher | #Bitcoin Maximalist | Slavishly devoted to 21M | Perfect is the enemy of good - Voltaire,btc
2340,baby_btc,1116,"ğŸ¤–ğŸ‘¾ I share stuff and pics of little bitcoiners ğŸ•¹ï¸ğŸ§©

kinda new to this works but still hodling",btc
2350,brennen_eth,1115,Friend to Pixels & Scribbles | Burn Maxi,btc
2567,2140btc,1048,"Running #Bitcoin IIO - I - 0 - IO ğŸš¨ Save the ğŸŒ, buy #Bitcoin. Atlas Â¯\_(ãƒ„)_/Â¯ - Psychopath",btc
2539,_ezekiel_btc,1045,"interested in concrete & masonry, sporting events producer, aggressive saver of bitcoin, jiu jitsu white belt",btc
2693,MIC_btc,1029,Chaos is limited to a given observer's ability to understand.,btc
2496,cryptokid_btc,1012,"Mike Massa. CEO of @UplyftCapital , https://t.co/xOhpPiTeiz & Shiny Milkshake Fund. | MAYC #3225 | Doodle #9392 | V1PUNK #4754",btc
2962,ozzy0zz_btc,1012,#nftcollector #nftartist #nftadvisor #NFT !!!,btc
2882,luis_btc,1007,,btc
2413,billy_btc,990,"#bitcoin, #lightningâš¡",btc
2648,nitesh_btc,988,Open Source Dev | #Bitcoin | Man United Fan.,btc
2727,jnasty_btc,985,"I like cheap things, like #Bitcoin and #Hashmasks.",btc
2422,spend_btc,950,Trading and collecting.,btc
2760,john_ennis_btc,946,"Math, AI, #Bitcoin, @neoswap_ai Sign up for a NeoSwap party: https://t.co/9GZGkMGQs9",btc
2484,ibac_btc,941,"International Bitcoin Advisory Corporation

Assisting central banks and sovereign wealth funds succeed in their digital asset investments

#Bitcoin",btc
2778,tvqbtc,922,"Stacks (STX) brings smart-contracts, decentralized applications, NFTs and DeFi on top of Bitcoin blockchain.",btc
2759,binaya_btc,896,Bitcoin is Freedom,btc
2981,Kompressor_btc,886,,btc
2657,e3btc,838,"Host of The Dumbest Guy in the Room Podcast // #Bitcoin// Phil. 4:13 // ""We are often blind to our own genius""",btc
2587,homie_btc,836,"$STX, owner @stacksboard dev @OminousAIO",btc
2776,backpacker_btc,810,#bitcoin and geographical arbitrage.,btc
2958,1_btc,809,#bitcoin,btc
2753,oracle_btc,767,"NFT Collector; Fluf World, Altered State Machine, Thingies, Burrows, ATEM, EGGs, Seekers, Party Bears, Buzzies, LunaMelts",btc
2870,shan_btc,725,"thought follower, day dreamer , work @bitrefill",btc
2715,sysbtc,704,"I'm talking to the moon. #btc #stx
Join ALEX dicord: https://t.co/vfjelPQwAi
Join KCV-DAO discord: https://t.co/1JjXqGhnvz",btc
2615,boltfun_btc,692,"A fun community space for makers to learn about and experiment with WEâ‚¿ 3.0 on bitcoin âš¡ï¸, together. Next Hackathon / #ShockTheWeb 3âš¡ï¸ September",btc
2554,borderless_btc,690,"I go to places where #bitcoin is welcomed
https://t.co/DDHnlluyoq

DM me if you know a hotel or a restaurant that accepts $BTC",btc
2855,phosforusbtc,677,"asker of dumb questions ğŸ¤™ğŸ¼ listener of cool stories ğŸ§ co-host of @AIRDROPshow ğŸ™ #HumanityFirst, #Stacks #NFTs & so much more",btc
2690,plutus_btc,654,"Co-Founder of Byzantion, an NFT marketplace on @stacks | Trading jpegs",btc
2220,sats_btc,653,"#BTC  Aqua Wallet  â‚¿
#Bitcoin is Treasure  â‚¿
 https://t.co/kS4CcimnhE  â‚¿   
 https://t.co/3ptXh0Iqyg â‚¿  https://t.co/TcPi7vJV9m   $Zultra",btc
2681,jdub_btc,633,Medical Resident Doctor. Solanus Maximus. à¸¿ 2016. Degen Ape Universe.,btc
2696,1zec_7btc,589,"Space/Time TravelerğŸŒº. He who controls the past controls the future
DM:
zs1h7y523jdmzs2xmnvfljuyn5l9vlegy0xxcnqhjfqejfh9lg9ap2qyy8xp2djcseallhjzxe4p2a",btc
2708,vince_btc,586,,btc
2844,betbtc,560,"#1 Bitcoin Sportsbook Since 2014 | Multiple Sports | Live Betting | Parlays

#Bitcoin",btc
2828,dl_btc,546,#bitcoin / tesla,btc
2495,mistress_btc,423,"i left a big tech cult to become a dominatrix / fetish fssw. 40, cranky cis yt lady. web3 dev nerd #javascript #css #btc adhd & crohns / pissed adult adoptee",btc
2572,Dada_btc,366,I Am Artistic,btc
2956,jw_btc,345,#Bitcoin and other things.,btc
2936,architect_btc,303,Architect | Memeâ€™er | #Bitcoin | Miner,btc
2609,minimint_btc,234,,btc
2971,vidia_btc,133,b u r h,btc
3117,studalgo,11360,"Nft creator on Algo blockchain via Ab2 gallery.
https://t.co/lHynM3sRmH
Govern $ASD token",algo
3008,unsigned_algo,10095,"Blockchain art: from container to medium
By @monad_alexander
Chat: https://t.co/klM5XyQcce
unsig PolicyID: https://t.co/z7SufyBKiu
token PolicyID: https://t.co/VyMMAFkISS",algo
3467,lamboalgo,7106,"Algo Signal. Trading Uniswap, Pancake swap & more #CryptoMarkets #Defi #Alts #Gems #SIGNAL #ALGO #Fist #Fstswap #Fts
https://t.co/KeZTwYPrkN",algo
3045,stitchfix_algo,5702,Data Science @StitchFix,algo
3007,alpha_algo,3811,Automated algorithmic trading service,algo
3645,Mooncup_algo,3230,"MoonCup is a Sports-Inspired competition token where players earn through gameplay. Players compete, enter contests, join leagues and build real to & earn NFTs.",algo
3009,jlemoine_algo,3106,"I am an entrepreneur passionate about software development, product development and algorithmic logic.
Co-founder & CTO of Algolia (@Algolia)",algo
3909,Weaselnftalgo,2367,Weasel is built on a decentralized Algo blockchain,algo
3077,father_algo,2005,"PREACHING in the @MetaPunksOG METAVERSE

""Thou shall not sleep on $ALGO""

-Father Algo",algo
3260,endotech_algo,1838,"The first true SaaS solution for automated crypto trading, active since 2012. support@endotech.io.
EndoTech. AI-Powered ğŸ¦¾ Results-Orientated ğŸ“ˆ Goal-Driven ğŸ¯",algo
3234,CoffeeX_algo,1775,Live a life that energizes you. Proud Member of the GOC @al_goanna â€¢ @TheAlgonauts discord OG â€¢ Social Media Manager @verdexfinance #algofam,algo
3277,Cosmonaut_algo,1599,"Alien Bounty Hunter: 85a/bounty --
Available 6 days a week (Tuesday is taco day).",algo
3227,macroalgo,1389,"Monitoring markets, macro & technicals on $SPX $NDX $DAX $STOXX $NIKKEI $HSI $OIL $COPPER (via @dvolatility @qwerl_nouvel @alphatribune @goldusdx @macrodelics)",algo
3276,buster_algo,1374,"Certified freak 7 days a week.
Want to join us in the little freak club? https://t.co/UYXwoHNoOM",algo
3393,mrniceguy_algo,1329,"A collection 666 NFTs school portrait style. Help Mr. Niceguy #findlarry, he took his ship his cat and his trust. https://t.co/EoTw4eIutK",algo
3205,ian_algo,1233,Algorand Governor. Love $ALGO NFTs.,algo
3419,DanJamalgo,1169,,algo
3196,yucksalgo,1121,âœ¨made by hannahâœ¨ Yucks are the yuckiest thing on $algo. 100 1/1 Yuck Monsters | 400 Yuckster PFPsğŸ¤®,algo
3366,richalgo,1086,ÈºlgonautğŸš€ NFT Collector. Unrepentant supporter of the ÈºLGORAND blockchainğŸ™Œ #WAGMIğŸ’¯,algo
3407,coolmasks_algo,1060,Handmade artwork NFT collection of 100 coolmasks on $Algo. Discord: https://t.co/yP49TIP6gk,algo
3541,lkinc_algo,910,"LK inc - Shuffle - https://t.co/wAY57qpoZqâš“ï¸

Created by @Chrizzlenft âš“ï¸

Discord - https://t.co/HXQ56vmE03

#algofam #Algorand #lkinc",algo
3403,onyx_algo,755,"itâ€™s JJ, but back as onyx. algo. helping people organize their portfolio for future financial freedom. Retire securely and invest intelligently. Subscribe now!",algo
3549,joseialgo,752,JOSEI DISCORD https://t.co/UVnzMb0O9p | JOSEI WEBSITE https://t.co/CdlSPQICXo,algo
3134,stellaralgo,673,"The leading Customer Cloud Platform for live audience businesses, making your data accessible and actionable to help create lifelong fans. #SportsBiz",algo
3392,gurkanalgo,618,"Algorand NFT Artist,
u/lasciatemi_cantare on reddit,
Artist of the CryptosquirrelsğŸ˜
$ACORN",algo
3618,Jorge_algo,567,Latino Artist â€¢ Creator of the @PyreneesPack NFTs on @Algorand â€¢ ğŸ‡µğŸ‡ªğŸº,algo
3461,Algoverse_algo,526,ğŸ™ğŸ½ $ALGO $DEFLY Èºlgorand Maxi ÈºLGO WAGMI //\\ NO ÈºLGO NGMIğŸ™ğŸ½ğŸ¤ŒğŸ½ğŸ’GOKU G-RAFFEğŸ’YOUNG G #45ğŸ’ğŸ¤ŒğŸ½,algo
3449,thrax_algo,510,"Visual artist new to the Algo space, @aavegotchi lead content creator
Co-creator of the CBCG with @ShotRecNFTs",algo
3800,K999_algo,487,"It's me K999 / $algo / #algofam                              
Discord: K999#6749 / k999wallet.algo ğŸ‡¨ğŸ‡µ",algo
3587,human_algo,475,IT TAKES YEARS TO BECOME AN OVERNIGHT SUCCESS! #NQ #ES #CL #FUTURES,algo
3712,accumulate_algo,469,All I do is fill my $algo bag,algo
3902,diablo_algo,442,"We are here with the AlgoDiablo series. We have stepped into an adventure of 150 series, unfortunately the diablos have started to escape from the dungeons.",algo
3790,MMAalgo,423,"AI algo built to generate lines for straight UFC picks | Results tracked at https://t.co/wIazEyABg3 | *Bet at your own risk, not financial advice",algo
3656,greedy_algo,412,"plan: less hits in fpl 21-22 season

#followback",algo
3525,algo_seth,346,"UNC Charlotte MS in Mathematical Finance Spring 2022
My two trading tenants: positive expectancy and robustness.
All trades are 100% systematic.",algo
3983,apestyle_eth,342,"Sfdesigns a Visual Artist with a different perspective and concept creations.
https://t.co/D9QDWEelOE",algo
3655,Firebrand_algo,334,Firebrand is a non-bias community information center. Intended to keep the #algofam informed on the latest Algorand blockchain movements and opportunities.,algo
3940,COSMO_algo,279,"Voxel, Pixel, 3d & 2d artist! Creator of the @Monzverse ğŸ’™ Everyday is Monzday!
https://t.co/cFwKPL4OZW",algo
3740,explorer_algo,276,Algonaut looking for the best NFTs the future of money can buyğŸš€ Algoanna #144 #235 & #176. Algobot #89. Little Freak #34,algo
3945,gcho_algo,266,âœï¸ iâ€™m on here too much,algo
3470,ads_algo,265,NFT Degen | Crypto Enthusiast | Programmer | Artist | sEriOuS iNveSt0r,algo
3794,algohidalgo,257,@Algorand $ALGO hodlr | @QuantmRE investor | owns some @ConcordiumNet $CCD | $AMC veteran,algo
3869,games_algo,250,,algo
3321,super_algo,245,This accounts hosts the awesomeness of Super Algorithm Indicator,algo
3990,boydotalgo,205,be kind,algo
3986,ssplatt_algo,197,"Dev, Sec, Ops. Superalgos contributor for fun and profit. Check out my trading bot @bt_crypto_stats",algo
3821,lh_algo,190,"Entusiasta da tecnologia blockchain. Dedicado a aprender, criticar e compartilhar conhecimento sobre o ecossistema Algorand.",algo
3878,justintime_algo,101,#ALGO enthusiast. Blockchain is the future.,algo
3697,sirjohnalgo,51,,algo
3910,vid_algo,17,"Officially educated astrophysicist, now belonging to the data/ml/software tribe",algo
